Artist,Name
A La Bien Aimee
Au Matin
The Swan
At Sunset
Anitra's Dance
Ballade
Evening
The Hebrides
The Wedding March
Do They Think I'm Beautiful?
Dickory
The Merry Peasant
The Old Castle
An Alexis
Dead March
Coronation Anthem
The Water Music
The Arrival of the Queen of Sheba
The Harmonious Blacksmith
Jupiter
The Messiah
The Royal Fireworks
The Blue Danube
The Dying Poet
Adagio "MoonLight" Sonata
Thus Spake Zarathustra
The Swan
The Entertainer
The Skaters Waltz
The 1812 Overture
Spring
The Dutch-Warbler
Embarrassment
